{"cameraMode":{"drawMode":0,"name":"Shaded","section":"Shading Mode"},"sceneLighting":true,"audioPlay":false,"sceneViewState":{"m_AlwaysRefresh":false,"showFog":true,"showSkybox":true,"showFlares":true,"showImageEffects":true,"showParticleSystems":true,"showVisualEffectGraphs":true,"m_FxEnabled":true},"in2DMode":false,"pivot":{"x":-1.4021224975585938,"y":1.0293331146240235,"z":15.899585723876954},"rotation":{"x":0.5477620363235474,"y":-0.43311595916748049,"z":0.3993822932243347,"w":0.5940291881561279},"size":6.585798740386963,"orthographic":false}