{"cameraMode":{"drawMode":0,"name":"Shaded","section":"Shading Mode"},"sceneLighting":false,"audioPlay":false,"sceneViewState":{"m_AlwaysRefresh":false,"showFog":true,"showSkybox":false,"showFlares":true,"showImageEffects":true,"showParticleSystems":true,"showVisualEffectGraphs":true,"m_FxEnabled":true},"in2DMode":false,"pivot":{"x":-0.18073587119579316,"y":1.4055674076080323,"z":0.021106233820319177},"rotation":{"x":0.4323619306087494,"y":-0.557162880897522,"z":0.4239594042301178,"w":0.5683413743972778},"size":0.6123724579811096,"orthographic":false}